<?xml version="1.0" encoding="UTF-8"?> 
<!DOCTYPE entry SYSTEM "SamplesInfo.dtd">
<entry>
  <name>cuSolverDn_LinearSolver</name>
  <description><![CDATA[A CUDA Sample that demonstrates cuSolverDN's LU, QR and Cholesky factorization.]]></description>
  <devicecompilation>whole</devicecompilation>
  <files>
    <file>gr_900_900_crg.mtx</file>
    <file>lap3D_7pt_n20.mtx</file>
  </files>
  <includepaths>
    <path>./</path>
    <path>../</path>
    <path>../../common/inc</path>
  </includepaths>
  <keyconcepts>
    <concept level="basic">Linear Algebra</concept>
    <concept level="basic">CUSOLVER Library</concept>
  </keyconcepts>
  <keywords>
    <keyword>CUSOLVER</keyword>
    <keyword>Linear Algebra</keyword>
  </keywords>
  <libraries>
    <library>cusolver</library>
    <library>cublas</library>
    <library>cusparse</library>
  </libraries>
  <librarypaths>
  </librarypaths>
  <nsight_eclipse>true</nsight_eclipse>
  <primary_file>cuSolverDn_LinearSolver.cpp</primary_file>
  <qatests>
    <qatest>-R=qr</qatest>
    <qatest>-R=chol</qatest>
    <qatest>-R=lu</qatest>
  </qatests>
  <required_dependencies>
    <dependency>CUSOLVER</dependency>
    <dependency>CUBLAS</dependency>
    <dependency>CUSPARSE</dependency>
  </required_dependencies>
  <scopes>
    <scope>1:CUDA Basic Topics</scope>
    <scope>3:Linear Algebra</scope>
  </scopes>
  <sm-arch>sm35</sm-arch>
  <sm-arch>sm37</sm-arch>
  <sm-arch>sm50</sm-arch>
  <sm-arch>sm52</sm-arch>
  <sm-arch>sm60</sm-arch>
  <sm-arch>sm61</sm-arch>
  <sm-arch>sm70</sm-arch>
  <sm-arch>sm75</sm-arch>
  <sm-arch>sm80</sm-arch>
  <sm-arch>sm86</sm-arch>
  <supported_envs>
    <env>
      <arch>x86_64</arch>
      <platform>linux</platform>
    </env>
    <env>
      <platform>windows7</platform>
    </env>
    <env>
      <arch>x86_64</arch>
      <platform>macosx</platform>
    </env>
    <env>
      <arch>ppc64le</arch>
      <platform>linux</platform>
    </env>
    <env>
      <arch>arm</arch>
    </env>
  </supported_envs>
  <supported_sm_architectures>
    <include>all</include>
  </supported_sm_architectures>
  <title>cuSolverDn Linear Solver </title>
  <type>exe</type>
</entry>
