<?xml version="1.0" encoding="UTF-8"?> 
<!DOCTYPE entry SYSTEM "SamplesInfo.dtd">
<entry>
  <name>simpleCudaGraphs</name>
  <cuda_api_list>
    <toolkit>cudaStreamBeginCapture</toolkit>
    <toolkit>cudaStreamEndCapture</toolkit>
    <toolkit>cudaLaunchHostFunc</toolkit>
    <toolkit>cudaGraphCreate</toolkit>
    <toolkit>cudaGraphLaunch</toolkit>
    <toolkit>cudaGraphInstantiate</toolkit>
    <toolkit>cudaGraphAddHostNode</toolkit>
    <toolkit>cudaGraphAddMemcpyNode</toolkit>
    <toolkit>cudaGraphAddKernelNode</toolkit>
    <toolkit>cudaGraphAddMemsetNode</toolkit>
    <toolkit>cudaGraphExecDestroy</toolkit>
    <toolkit>cudaGraphDestroy</toolkit>
  </cuda_api_list>
  <description><![CDATA[A demonstration of CUDA Graphs creation, instantiation and launch using Graphs APIs and Stream Capture APIs.]]></description>
  <devicecompilation>whole</devicecompilation>
  <includepaths>
    <path>./</path>
    <path>../</path>
    <path>../../common/inc</path>
  </includepaths>
  <keyconcepts>
    <concept level="basic">CUDA Graphs</concept>
    <concept level="basic">Stream Capture</concept>
  </keyconcepts>
  <keywords>
    <keyword>CUDA</keyword>
    <keyword>GPGPU</keyword>
    <keyword>CUDA Graphs</keyword>
  </keywords>
  <libraries>
  </libraries>
  <librarypaths>
  </librarypaths>
  <nsight_eclipse>true</nsight_eclipse>
  <primary_file>simpleCudaGraphs.cu</primary_file>
  <scopes>
    <scope>1:CUDA</scope>
  </scopes>
  <supported_envs>
    <env>
      <arch>x86_64</arch>
      <platform>linux</platform>
    </env>
    <env>
      <platform>windows7</platform>
    </env>
    <env>
      <arch>x86_64</arch>
      <platform>macosx</platform>
    </env>
    <env>
      <arch>arm</arch>
    </env>
    <env>
      <arch>ppc64le</arch>
      <platform>linux</platform>
    </env>
  </supported_envs>
  <supported_sm_architectures>
    <from>3.0</from>
  </supported_sm_architectures>
  <title>Simple CUDA Graphs</title>
  <type>exe</type>
</entry>
