<?xml version="1.0" encoding="UTF-8"?> 
<!DOCTYPE entry SYSTEM "SamplesInfo.dtd">
<entry>
  <name>nvJPEG_encoder</name>
  <description><![CDATA[A CUDA Sample that demonstrates single encoding of jpeg images using NVJPEG Library.]]></description>
  <devicecompilation>whole</devicecompilation>
  <includepaths>
    <path>./</path>
    <path>../</path>
    <path>../../common/inc</path>
  </includepaths>
  <keyconcepts>
    <concept level="basic">Image Encoding</concept>
    <concept level="basic">NVJPEG Library</concept>
  </keyconcepts>
  <keywords>
    <keyword>NVJPEG</keyword>
    <keyword>JPEG Encoding</keyword>
  </keywords>
  <libraries>
    <library>nvjpeg</library>
  </libraries>
  <librarypaths>
  </librarypaths>
  <nsight_eclipse>true</nsight_eclipse>
  <primary_file>nvJPEG_encoder.cpp</primary_file>
  <required_dependencies>
    <dependency>NVJPEG</dependency>
  </required_dependencies>
  <scopes>
    <scope>1:CUDA Basic Topics</scope>
    <scope>4:JPEG Encoding</scope>
  </scopes>
  <supported_envs>
    <env>
      <arch>x86_64</arch>
      <platform>linux</platform>
    </env>
    <env>
      <platform>windows</platform>
    </env>
    <env>
      <arch>ppc64le</arch>
      <platform>linux</platform>
    </env>
    <env>
      <arch>aarch64</arch>
    </env>
  </supported_envs>
  <supported_sm_architectures>
    <from>3.0</from>
  </supported_sm_architectures>
  <title>NVJPEG Encoder</title>
  <type>exe</type>
</entry>
