<?xml version="1.0" encoding="UTF-8"?> 
<!DOCTYPE entry SYSTEM "SamplesInfo.dtd">
<entry>
  <name>conjugateGradientUM</name>
  <description><![CDATA[This sample implements a conjugate gradient solver on GPU using CUBLAS and CUSPARSE library, using Unified Memory]]></description>
  <devicecompilation>whole</devicecompilation>
  <includepaths>
    <path>./</path>
    <path>../</path>
    <path>../../common/inc</path>
  </includepaths>
  <keyconcepts>
    <concept level="basic">Unified Memory</concept>
    <concept level="advanced">Linear Algebra</concept>
    <concept level="advanced">CUBLAS Library</concept>
    <concept level="advanced">CUSPARSE Library</concept>
  </keyconcepts>
  <keywords>
    <keyword>CUDA</keyword>
    <keyword>CUBLAS</keyword>
    <keyword>CUSPARSE</keyword>
    <keyword>Sparse Matrix</keyword>
    <keyword>Unified Memory</keyword>
  </keywords>
  <libraries>
    <library>cublas</library>
    <library>cusparse</library>
  </libraries>
  <librarypaths>
  </librarypaths>
  <nsight_eclipse>true</nsight_eclipse>
  <primary_file>main.cpp</primary_file>
  <required_dependencies>
    <dependency>UVM</dependency>
    <dependency>CUBLAS</dependency>
    <dependency>CUSPARSE</dependency>
  </required_dependencies>
  <scopes>
    <scope>1:CUDA Advanced Topics</scope>
    <scope>3:Linear Algebra</scope>
  </scopes>
  <supported_envs>
    <env>
      <arch>x86_64</arch>
      <platform>linux</platform>
    </env>
    <env>
      <arch>x86_64</arch>
      <platform>macosx</platform>
    </env>
    <env>
      <platform>windows7</platform>
    </env>
    <env>
      <arch>arm</arch>
    </env>
    <env>
      <arch>ppc64le</arch>
      <platform>linux</platform>
    </env>
  </supported_envs>
  <supported_sm_architectures>
    <from>3.0</from>
  </supported_sm_architectures>
  <title>ConjugateGradientUM</title>
  <type>exe</type>
</entry>
