<?xml version="1.0" encoding="UTF-8"?> 
<!DOCTYPE entry SYSTEM "SamplesInfo.dtd">
<entry>
  <name>binaryPartitionCG</name>
  <cflags>
    <flag>--std=c++11</flag>
  </cflags>
  <description><![CDATA[This sample is a simple code that illustrates binary partition cooperative groups and reduce within the thread block.]]></description>
  <devicecompilation>whole</devicecompilation>
  <includepaths>
    <path>./</path>
    <path>../</path>
    <path>../../common/inc</path>
  </includepaths>
  <keyconcepts>
    <concept level="basic">Cooperative Groups</concept>
  </keyconcepts>
  <keywords>
    <keyword>CUDA</keyword>
    <keyword>Parallel Reduction</keyword>
    <keyword>Cooperative Groups</keyword>
    <keyword>CPP11</keyword>
  </keywords>
  <libraries>
  </libraries>
  <librarypaths>
  </librarypaths>
  <nsight_eclipse>true</nsight_eclipse>
  <primary_file>binaryPartitionCG.cu</primary_file>
  <scopes>
    <scope>1:CUDA Basic Topics</scope>
  </scopes>
  <sm-arch>sm35</sm-arch>
  <sm-arch>sm37</sm-arch>
  <sm-arch>sm50</sm-arch>
  <sm-arch>sm52</sm-arch>
  <sm-arch>sm60</sm-arch>
  <sm-arch>sm61</sm-arch>
  <sm-arch>sm70</sm-arch>
  <sm-arch>sm75</sm-arch>
  <sm-arch>sm80</sm-arch>
  <sm-arch>sm86</sm-arch>
  <supported_envs>
    <env>
      <arch>x86_64</arch>
      <platform>linux</platform>
    </env>
    <env>
      <platform>windows7</platform>
    </env>
    <env>
      <arch>x86_64</arch>
      <platform>macosx</platform>
    </env>
    <env>
      <arch>arm</arch>
    </env>
    <env>
      <arch>ppc64le</arch>
      <platform>linux</platform>
    </env>
  </supported_envs>
  <supported_sm_architectures>
    <include>all</include>
  </supported_sm_architectures>
  <title>Binary Partition Cooperative Groups</title>
  <type>exe</type>
</entry>
