<?xml version="1.0" encoding="UTF-8"?> 
<!DOCTYPE entry SYSTEM "SamplesInfo.dtd">
<entry>
  <name>Mandelbrot</name>
  <cuda_api_list>
    <toolkit>cudaGraphicsMapResources</toolkit>
    <toolkit>cudaGraphicsUnmapResources</toolkit>
    <toolkit>cudaGraphicsResourceGetMappedPointer</toolkit>
    <toolkit>cudaGraphicsRegisterResource</toolkit>
    <toolkit>cudaGraphicsGLRegisterBuffer</toolkit>
    <toolkit>cudaGraphicsUnregisterResource</toolkit>
  </cuda_api_list>
  <description><![CDATA[This sample uses CUDA to compute and display the Mandelbrot or Julia sets interactively. It also illustrates the use of "double single" arithmetic to improve precision when zooming a long way into the pattern. This sample uses double precision.  Thanks to Mark Granger of NewTek who submitted this code sample.!]]></description>
  <devicecompilation>whole</devicecompilation>
  <files>
    <file>data\Mandelbrot_fp32.ppm</file>
    <file>data\Mandelbrot_fp64.ppm</file>
    <file>data\referenceJulia_fp32.ppm</file>
    <file>data\referenceJulia_fp64.ppm</file>
  </files>
  <includepaths>
    <path>./</path>
    <path>../</path>
    <path>../../common/inc</path>
  </includepaths>
  <keyconcepts>
    <concept level="advanced">Graphics Interop</concept>
    <concept level="advanced">Data Parallel Algorithms</concept>
  </keyconcepts>
  <keywords>
    <keyword>GPGPU</keyword>
    <keyword>openGL</keyword>
  </keywords>
  <libraries>
    <library>GLU</library>
    <library>GL</library>
    <library framework="true" os="macosx">GLUT</library>
    <library os="linux">GLEW</library>
    <library os="linux">glut</library>
    <library os="linux">X11</library>
  </libraries>
  <librarypaths>
    <path arch="x86_64" os="linux">../../common/lib/linux/x86_64</path>
    <path arch="armv7l" os="linux">../../common/lib/linux/armv7l</path>
    <path os="macosx">../../common/lib/darwin</path>
  </librarypaths>
  <nsight_eclipse>true</nsight_eclipse>
  <primary_file>Mandelbrot.cpp</primary_file>
  <qatests>
    <qatest>-mode=0 -file=Mandelbrot_fp32.ppm</qatest>
    <qatest>-mode=1 -file=referenceJulia_fp32.ppm</qatest>
  </qatests>
  <required_dependencies>
    <dependency>X11</dependency>
    <dependency>GL</dependency>
  </required_dependencies>
  <scopes>
    <scope>2:Graphics Interop</scope>
    <scope>1:Data-Parallel Algorithms</scope>
  </scopes>
  <sm-arch>sm35</sm-arch>
  <sm-arch>sm37</sm-arch>
  <sm-arch>sm50</sm-arch>
  <sm-arch>sm52</sm-arch>
  <sm-arch>sm60</sm-arch>
  <sm-arch>sm61</sm-arch>
  <sm-arch>sm70</sm-arch>
  <sm-arch>sm75</sm-arch>
  <sm-arch>sm80</sm-arch>
  <sm-arch>sm86</sm-arch>
  <supported_envs>
    <env>
      <arch>x86_64</arch>
      <platform>linux</platform>
    </env>
    <env>
      <platform>windows7</platform>
    </env>
    <env>
      <arch>x86_64</arch>
      <platform>macosx</platform>
    </env>
    <env>
      <arch>arm</arch>
    </env>
  </supported_envs>
  <supported_sm_architectures>
    <include>all</include>
  </supported_sm_architectures>
  <title>Mandelbrot</title>
  <type>exe</type>
</entry>
