<?xml version="1.0" encoding="UTF-8"?> 
<!DOCTYPE entry SYSTEM "SamplesInfo.dtd">
<entry>
  <name>boxFilterNPP</name>
  <description><![CDATA[A NPP CUDA Sample that demonstrates how to use NPP FilterBox function to perform a Box Filter.]]></description>
  <devicecompilation>whole</devicecompilation>
  <fallback_min_ptx>true</fallback_min_ptx>
  <files>
    <file>..\..\common\data\Lena.pgm</file>
  </files>
  <includepaths>
    <path>../common/UtilNPP</path>
    <path os="Windows">../common/FreeImage/Dist/x64</path>
    <path>./</path>
    <path>../</path>
    <path>../../common/inc</path>
  </includepaths>
  <keyconcepts>
    <concept level="basic">Performance Strategies</concept>
    <concept level="basic">Image Processing</concept>
    <concept level="basic">NPP Library</concept>
  </keyconcepts>
  <keywords>
    <keyword>CUDA</keyword>
    <keyword>NPP</keyword>
    <keyword>Image Processing</keyword>
    <keyword>box filter</keyword>
  </keywords>
  <libraries>
    <library>nppisu_static</library>
    <library>nppif_static</library>
    <library>nppc_static</library>
    <library>culibos</library>
    <library>freeimage</library>
  </libraries>
  <librarypaths>
  </librarypaths>
  <nsight_eclipse>true</nsight_eclipse>
  <primary_file>boxFilterNPP.cpp</primary_file>
  <required_dependencies>
    <dependency>FreeImage</dependency>
    <dependency>NPP</dependency>
  </required_dependencies>
  <scopes>
    <scope>1:CUDA Basic Topics</scope>
    <scope>1:Performance Strategies</scope>
    <scope>2:Image Processing</scope>
    <scope>2:Computer Vision</scope>
  </scopes>
  <sm-arch>sm35</sm-arch>
  <sm-arch>sm37</sm-arch>
  <sm-arch>sm50</sm-arch>
  <sm-arch>sm52</sm-arch>
  <sm-arch>sm60</sm-arch>
  <sm-arch>sm61</sm-arch>
  <sm-arch>sm70</sm-arch>
  <sm-arch>sm75</sm-arch>
  <sm-arch>sm80</sm-arch>
  <sm-arch>sm86</sm-arch>
  <supported_envs>
    <env>
      <arch>x86_64</arch>
      <platform>linux</platform>
    </env>
    <env>
      <platform>windows7</platform>
    </env>
    <env>
      <arch>x86_64</arch>
      <platform>macosx</platform>
    </env>
    <env>
      <arch>arm</arch>
    </env>
    <env>
      <arch>ppc64le</arch>
      <platform>linux</platform>
    </env>
  </supported_envs>
  <supported_sm_architectures>
    <include>all</include>
  </supported_sm_architectures>
  <title>Box Filter with NPP</title>
  <type>exe</type>
</entry>
