<?xml version="1.0" encoding="UTF-8"?> 
<!DOCTYPE entry SYSTEM "SamplesInfo.dtd">
<entry>
  <name>oceanFFT</name>
  <cuda_api_list>
    <toolkit>cudaGraphicsMapResources</toolkit>
    <toolkit>cudaGraphicsUnmapResources</toolkit>
    <toolkit>cudaGraphicsResourceGetMappedPointer</toolkit>
    <toolkit>cudaGraphicsRegisterResource</toolkit>
    <toolkit>cudaGraphicsGLRegisterBuffer</toolkit>
    <toolkit>cudaGraphicsUnregisterResource</toolkit>
    <toolkit>cufftPlan2d</toolkit>
    <toolkit>cufftExecR2C</toolkit>
    <toolkit>cufftExecC2R</toolkit>
    <toolkit>cufftDestroy</toolkit>
  </cuda_api_list>
  <description><![CDATA[This sample simulates an Ocean height field using CUFFT Library and renders the result using OpenGL.]]></description>
  <devicecompilation>whole</devicecompilation>
  <files>
    <file>data\ocean.frag</file>
    <file>data\ocean.vert</file>
    <file>data\reference.ppm</file>
    <file>data\ref_slopeShading.bin</file>
    <file>data\ref_spatialDomain.bin</file>
  </files>
  <includepaths>
    <path>./</path>
    <path>../</path>
    <path>../../common/inc</path>
  </includepaths>
  <keyconcepts>
    <concept level="advanced">Graphics Interop</concept>
    <concept level="advanced">Image Processing</concept>
    <concept level="advanced">CUFFT Library</concept>
  </keyconcepts>
  <keywords>
    <keyword>CUDA</keyword>
    <keyword>CUFFT</keyword>
    <keyword>Ocean</keyword>
    <keyword>OpenGL</keyword>
    <keyword>Height Field</keyword>
    <keyword>openGL</keyword>
  </keywords>
  <libraries>
    <library>cufft</library>
    <library>GLU</library>
    <library>GL</library>
    <library framework="true" os="macosx">GLUT</library>
    <library os="linux">GLEW</library>
    <library os="linux">glut</library>
    <library os="linux">X11</library>
  </libraries>
  <librarypaths>
    <path arch="x86_64" os="linux">../../common/lib/linux/x86_64</path>
    <path arch="armv7l" os="linux">../../common/lib/linux/armv7l</path>
    <path os="macosx">../../common/lib/darwin</path>
  </librarypaths>
  <nsight_eclipse>true</nsight_eclipse>
  <primary_file>oceanFFT.cpp</primary_file>
  <qatests>
    <qatest>-qatest</qatest>
  </qatests>
  <required_dependencies>
    <dependency>X11</dependency>
    <dependency>GL</dependency>
    <dependency>CUFFT</dependency>
  </required_dependencies>
  <scopes>
    <scope>1:CUDA Advanced Topics</scope>
    <scope>2:Graphics Interop</scope>
    <scope>3:Physically-Based Simulation</scope>
  </scopes>
  <sm-arch>sm35</sm-arch>
  <sm-arch>sm37</sm-arch>
  <sm-arch>sm50</sm-arch>
  <sm-arch>sm52</sm-arch>
  <sm-arch>sm60</sm-arch>
  <sm-arch>sm61</sm-arch>
  <sm-arch>sm70</sm-arch>
  <sm-arch>sm75</sm-arch>
  <sm-arch>sm80</sm-arch>
  <sm-arch>sm86</sm-arch>
  <supported_envs>
    <env>
      <arch>x86_64</arch>
      <platform>linux</platform>
    </env>
    <env>
      <platform>windows7</platform>
    </env>
    <env>
      <arch>x86_64</arch>
      <platform>macosx</platform>
    </env>
    <env>
      <arch>arm</arch>
    </env>
  </supported_envs>
  <supported_sm_architectures>
    <include>all</include>
  </supported_sm_architectures>
  <title>CUDA FFT Ocean Simulation</title>
  <type>exe</type>
</entry>
